Date,Day,Festival,Weather,Total_Crowd
2022-01-01,Saturday,New Year,Stormy,77088
2022-01-02,Sunday,N/A,Sunny,34537
2022-01-03,Monday,N/A,Cloudy,14297
2022-01-04,Tuesday,N/A,Stormy,4688
2022-01-05,Wednesday,N/A,Rainy,8501
2022-01-06,Thursday,N/A,Cloudy,16260
2022-01-07,Friday,N/A,Rainy,7759
2022-01-08,Saturday,N/A,Sunny,48366
2022-01-09,Sunday,N/A,Sunny,34710
2022-01-10,Monday,N/A,Sunny,10050
2022-01-11,Tuesday,N/A,Sunny,10876
2022-01-12,Wednesday,N/A,Stormy,6553
2022-01-13,Thursday,N/A,Cloudy,17257
2022-01-14,Friday,N/A,Sunny,8670
2022-01-15,Saturday,N/A,Sunny,24575
2022-01-16,Sunday,N/A,Sunny,23900
2022-01-17,Monday,N/A,Cloudy,18693
2022-01-18,Tuesday,N/A,Sunny,15507
2022-01-19,Wednesday,N/A,Rainy,4657
2022-01-20,Thursday,N/A,Sunny,6849
2022-01-21,Friday,N/A,Sunny,7629
2022-01-22,Saturday,N/A,Cloudy,26813
2022-01-23,Sunday,N/A,Sunny,49542
2022-01-24,Monday,N/A,Cloudy,19458
2022-01-25,Tuesday,N/A,Cloudy,12209
2022-01-26,Wednesday,N/A,Cloudy,16974
2022-01-27,Thursday,N/A,Cloudy,11336
2022-01-28,Friday,N/A,Sunny,7123
2022-01-29,Saturday,N/A,Sunny,25988
2022-01-30,Sunday,N/A,Rainy,21019
2022-01-31,Monday,N/A,Cloudy,15284
2022-02-01,Tuesday,N/A,Sunny,13893
2022-02-02,Wednesday,N/A,Cloudy,6495
2022-02-03,Thursday,N/A,Sunny,14764
2022-02-04,Friday,N/A,Cloudy,17932
2022-02-05,Saturday,N/A,Cloudy,40378
2022-02-06,Sunday,N/A,Rainy,13752
2022-02-07,Monday,N/A,Cloudy,6691
2022-02-08,Tuesday,N/A,Cloudy,7522
2022-02-09,Wednesday,N/A,Sunny,11867
2022-02-10,Thursday,N/A,Sunny,10828
2022-02-11,Friday,N/A,Sunny,5397
2022-02-12,Saturday,N/A,Cloudy,46702
2022-02-13,Sunday,N/A,Sunny,41578
2022-02-14,Monday,N/A,Stormy,6325
2022-02-15,Tuesday,N/A,Cloudy,17163
2022-02-16,Wednesday,N/A,Sunny,19303
2022-02-17,Thursday,N/A,Sunny,10267
2022-02-18,Friday,N/A,Cloudy,16074
2022-02-19,Saturday,N/A,Sunny,44154
2022-02-20,Sunday,N/A,Cloudy,43111
2022-02-21,Monday,N/A,Rainy,5482
2022-02-22,Tuesday,N/A,Sunny,18777
2022-02-23,Wednesday,N/A,Sunny,7453
2022-02-24,Thursday,N/A,Sunny,6051
2022-02-25,Friday,N/A,Sunny,15988
2022-02-26,Saturday,N/A,Stormy,30335
2022-02-27,Sunday,N/A,Cloudy,28589
2022-02-28,Monday,N/A,Sunny,11235
2022-03-01,Tuesday,N/A,Cloudy,5499
2022-03-02,Wednesday,N/A,Rainy,4762
2022-03-03,Thursday,N/A,Cloudy,7479
2022-03-04,Friday,N/A,Sunny,14868
2022-03-05,Saturday,N/A,Sunny,41497
2022-03-06,Sunday,N/A,Sunny,46456
2022-03-07,Monday,N/A,Cloudy,12907
2022-03-08,Tuesday,N/A,Sunny,5941
2022-03-09,Wednesday,N/A,Rainy,4952
2022-03-10,Thursday,N/A,Sunny,15928
2022-03-11,Friday,N/A,Cloudy,11264
2022-03-12,Saturday,N/A,Sunny,47532
2022-03-13,Sunday,N/A,Sunny,21515
2022-03-14,Monday,N/A,Rainy,12119
2022-03-15,Tuesday,N/A,Cloudy,6427
2022-03-16,Wednesday,N/A,Cloudy,6695
2022-03-17,Thursday,N/A,Cloudy,19222
2022-03-18,Friday,Holi,Rainy,85581
2022-03-19,Saturday,N/A,Cloudy,36131
2022-03-20,Sunday,N/A,Cloudy,25204
2022-03-21,Monday,N/A,Sunny,12328
2022-03-22,Tuesday,N/A,Sunny,16610
2022-03-23,Wednesday,N/A,Sunny,18978
2022-03-24,Thursday,N/A,Sunny,6258
2022-03-25,Friday,N/A,Sunny,10798
2022-03-26,Saturday,N/A,Sunny,21329
2022-03-27,Sunday,N/A,Cloudy,21727
2022-03-28,Monday,N/A,Sunny,5098
2022-03-29,Tuesday,N/A,Sunny,19099
2022-03-30,Wednesday,N/A,Rainy,7425
2022-03-31,Thursday,N/A,Sunny,9058
2022-04-01,Friday,N/A,Sunny,15673
2022-04-02,Saturday,N/A,Sunny,40027
2022-04-03,Sunday,N/A,Rainy,20478
2022-04-04,Monday,N/A,Sunny,7679
2022-04-05,Tuesday,N/A,Sunny,14567
2022-04-06,Wednesday,N/A,Cloudy,15724
2022-04-07,Thursday,N/A,Cloudy,18858
2022-04-08,Friday,N/A,Stormy,10127
2022-04-09,Saturday,N/A,Cloudy,30347
2022-04-10,Sunday,N/A,Sunny,26079
2022-04-11,Monday,N/A,Cloudy,5696
2022-04-12,Tuesday,N/A,Sunny,12006
2022-04-13,Wednesday,N/A,Sunny,16369
2022-04-14,Thursday,N/A,Cloudy,11937
2022-04-15,Friday,N/A,Cloudy,10852
2022-04-16,Saturday,N/A,Sunny,23493
2022-04-17,Sunday,N/A,Sunny,47566
2022-04-18,Monday,N/A,Rainy,4022
2022-04-19,Tuesday,N/A,Sunny,11727
2022-04-20,Wednesday,N/A,Cloudy,17408
2022-04-21,Thursday,N/A,Stormy,8859
2022-04-22,Friday,N/A,Sunny,16058
2022-04-23,Saturday,N/A,Cloudy,32697
2022-04-24,Sunday,N/A,Rainy,12880
2022-04-25,Monday,N/A,Cloudy,19538
2022-04-26,Tuesday,N/A,Sunny,6940
2022-04-27,Wednesday,N/A,Sunny,6113
2022-04-28,Thursday,N/A,Sunny,17211
2022-04-29,Friday,N/A,Cloudy,16294
2022-04-30,Saturday,N/A,Sunny,23070
2022-05-01,Sunday,N/A,Sunny,31016
2022-05-02,Monday,N/A,Sunny,11622
2022-05-03,Tuesday,N/A,Cloudy,7918
2022-05-04,Wednesday,N/A,Stormy,10954
2022-05-05,Thursday,N/A,Sunny,12972
2022-05-06,Friday,N/A,Sunny,18157
2022-05-07,Saturday,N/A,Cloudy,29542
2022-05-08,Sunday,N/A,Cloudy,22368
2022-05-09,Monday,N/A,Cloudy,8432
2022-05-10,Tuesday,N/A,Sunny,7758
2022-05-11,Wednesday,N/A,Sunny,6769
2022-05-12,Thursday,N/A,Cloudy,13545
2022-05-13,Friday,N/A,Sunny,8533
2022-05-14,Saturday,N/A,Sunny,47109
2022-05-15,Sunday,N/A,Sunny,32136
2022-05-16,Monday,N/A,Cloudy,13341
2022-05-17,Tuesday,N/A,Sunny,12882
2022-05-18,Wednesday,N/A,Sunny,6145
2022-05-19,Thursday,N/A,Cloudy,13182
2022-05-20,Friday,N/A,Sunny,5235
2022-05-21,Saturday,N/A,Sunny,48273
2022-05-22,Sunday,N/A,Sunny,27269
2022-05-23,Monday,N/A,Sunny,18264
2022-05-24,Tuesday,N/A,Sunny,5107
2022-05-25,Wednesday,N/A,Cloudy,6600
2022-05-26,Thursday,N/A,Cloudy,17783
2022-05-27,Friday,N/A,Cloudy,14522
2022-05-28,Saturday,N/A,Sunny,41852
2022-05-29,Sunday,N/A,Sunny,49728
2022-05-30,Monday,N/A,Sunny,19162
2022-05-31,Tuesday,N/A,Sunny,14887
2022-06-01,Wednesday,N/A,Cloudy,8265
2022-06-02,Thursday,N/A,Sunny,19562
2022-06-03,Friday,N/A,Cloudy,12537
2022-06-04,Saturday,N/A,Sunny,44665
2022-06-05,Sunday,N/A,Sunny,43042
2022-06-06,Monday,N/A,Sunny,12767
2022-06-07,Tuesday,N/A,Sunny,11058
2022-06-08,Wednesday,N/A,Cloudy,5963
2022-06-09,Thursday,N/A,Sunny,6188
2022-06-10,Friday,N/A,Cloudy,16195
2022-06-11,Saturday,N/A,Cloudy,32668
2022-06-12,Sunday,N/A,Sunny,43181
2022-06-13,Monday,N/A,Sunny,14236
2022-06-14,Tuesday,N/A,Cloudy,17190
2022-06-15,Wednesday,N/A,Stormy,6353
2022-06-16,Thursday,N/A,Cloudy,13778
2022-06-17,Friday,N/A,Rainy,7116
2022-06-18,Saturday,N/A,Sunny,44959
2022-06-19,Sunday,N/A,Sunny,25803
2022-06-20,Monday,N/A,Stormy,8336
2022-06-21,Tuesday,N/A,Rainy,5661
2022-06-22,Wednesday,N/A,Cloudy,16927
2022-06-23,Thursday,N/A,Sunny,6817
2022-06-24,Friday,N/A,Cloudy,18700
2022-06-25,Saturday,N/A,Sunny,21312
2022-06-26,Sunday,N/A,Cloudy,30726
2022-06-27,Monday,N/A,Stormy,3577
2022-06-28,Tuesday,N/A,Sunny,17337
2022-06-29,Wednesday,N/A,Sunny,9863
2022-06-30,Thursday,N/A,Cloudy,10853
2022-07-01,Friday,N/A,Sunny,15567
2022-07-02,Saturday,N/A,Sunny,46059
2022-07-03,Sunday,N/A,Sunny,33536
2022-07-04,Monday,N/A,Cloudy,10641
2022-07-05,Tuesday,N/A,Sunny,11864
2022-07-06,Wednesday,N/A,Rainy,9835
2022-07-07,Thursday,N/A,Rainy,10617
2022-07-08,Friday,N/A,Rainy,10512
2022-07-09,Saturday,N/A,Cloudy,44443
2022-07-10,Sunday,N/A,Rainy,26256
2022-07-11,Monday,N/A,Sunny,9181
2022-07-12,Tuesday,N/A,Sunny,6702
2022-07-13,Wednesday,N/A,Sunny,17869
2022-07-14,Thursday,N/A,Sunny,10799
2022-07-15,Friday,N/A,Sunny,10581
2022-07-16,Saturday,N/A,Sunny,24661
2022-07-17,Sunday,N/A,Cloudy,34834
2022-07-18,Monday,N/A,Sunny,5307
2022-07-19,Tuesday,N/A,Sunny,13400
2022-07-20,Wednesday,N/A,Rainy,2871
2022-07-21,Thursday,N/A,Sunny,18515
2022-07-22,Friday,N/A,Sunny,16011
2022-07-23,Saturday,N/A,Sunny,40119
2022-07-24,Sunday,N/A,Rainy,26972
2022-07-25,Monday,N/A,Cloudy,10932
2022-07-26,Tuesday,N/A,Cloudy,5841
2022-07-27,Wednesday,N/A,Cloudy,10472
2022-07-28,Thursday,N/A,Sunny,10621
2022-07-29,Friday,N/A,Cloudy,17530
2022-07-30,Saturday,N/A,Sunny,20357
2022-07-31,Sunday,N/A,Sunny,29074
2022-08-01,Monday,N/A,Cloudy,15391
2022-08-02,Tuesday,N/A,Rainy,12503
2022-08-03,Wednesday,N/A,Cloudy,8085
2022-08-04,Thursday,N/A,Sunny,6479
2022-08-05,Friday,N/A,Sunny,7375
2022-08-06,Saturday,N/A,Sunny,31756
2022-08-07,Sunday,N/A,Sunny,31739
2022-08-08,Monday,N/A,Sunny,10733
2022-08-09,Tuesday,N/A,Rainy,4203
2022-08-10,Wednesday,N/A,Sunny,17915
2022-08-11,Thursday,Janmashtami,Cloudy,219429
2022-08-12,Friday,N/A,Rainy,9834
2022-08-13,Saturday,N/A,Rainy,18139
2022-08-14,Sunday,N/A,Sunny,49872
2022-08-15,Monday,N/A,Stormy,9623
2022-08-16,Tuesday,N/A,Sunny,11857
2022-08-17,Wednesday,N/A,Cloudy,19023
2022-08-18,Thursday,N/A,Sunny,7915
2022-08-19,Friday,N/A,Sunny,10076
2022-08-20,Saturday,N/A,Cloudy,23816
2022-08-21,Sunday,N/A,Stormy,16482
2022-08-22,Monday,N/A,Sunny,6122
2022-08-23,Tuesday,N/A,Cloudy,14922
2022-08-24,Wednesday,N/A,Sunny,7115
2022-08-25,Thursday,N/A,Sunny,7981
2022-08-26,Friday,N/A,Sunny,13330
2022-08-27,Saturday,N/A,Rainy,15270
2022-08-28,Sunday,N/A,Sunny,49576
2022-08-29,Monday,N/A,Sunny,14889
2022-08-30,Tuesday,N/A,Stormy,11008
2022-08-31,Wednesday,N/A,Cloudy,16735
2022-09-01,Thursday,Ganesh Chaturthi,Sunny,93140
2022-09-02,Friday,N/A,Sunny,18668
2022-09-03,Saturday,N/A,Sunny,22557
2022-09-04,Sunday,N/A,Sunny,47597
2022-09-05,Monday,N/A,Sunny,15286
2022-09-06,Tuesday,N/A,Cloudy,8946
2022-09-07,Wednesday,N/A,Cloudy,14556
2022-09-08,Thursday,N/A,Cloudy,9700
2022-09-09,Friday,N/A,Sunny,16873
2022-09-10,Saturday,N/A,Sunny,31435
2022-09-11,Sunday,N/A,Sunny,36872
2022-09-12,Monday,N/A,Rainy,8064
2022-09-13,Tuesday,N/A,Sunny,15310
2022-09-14,Wednesday,N/A,Cloudy,11105
2022-09-15,Thursday,N/A,Sunny,10957
2022-09-16,Friday,N/A,Cloudy,17914
2022-09-17,Saturday,N/A,Rainy,20272
2022-09-18,Sunday,N/A,Sunny,24159
2022-09-19,Monday,N/A,Cloudy,6044
2022-09-20,Tuesday,N/A,Sunny,10982
2022-09-21,Wednesday,N/A,Cloudy,7364
2022-09-22,Thursday,N/A,Rainy,9168
2022-09-23,Friday,N/A,Sunny,7850
2022-09-24,Saturday,N/A,Cloudy,37674
2022-09-25,Sunday,N/A,Cloudy,45659
2022-09-26,Monday,N/A,Sunny,19976
2022-09-27,Tuesday,N/A,Cloudy,7539
2022-09-28,Wednesday,N/A,Sunny,12133
2022-09-29,Thursday,N/A,Cloudy,6414
2022-09-30,Friday,N/A,Sunny,18580
2022-10-01,Saturday,N/A,Rainy,16205
2022-10-02,Sunday,N/A,Sunny,31124
2022-10-03,Monday,N/A,Rainy,3012
2022-10-04,Tuesday,N/A,Cloudy,14107
2022-10-05,Wednesday,N/A,Sunny,14827
2022-10-06,Thursday,N/A,Rainy,6315
2022-10-07,Friday,N/A,Sunny,8729
2022-10-08,Saturday,N/A,Sunny,38764
2022-10-09,Sunday,N/A,Cloudy,23763
2022-10-10,Monday,N/A,Sunny,16510
2022-10-11,Tuesday,N/A,Sunny,16708
2022-10-12,Wednesday,N/A,Cloudy,13118
2022-10-13,Thursday,N/A,Stormy,8406
2022-10-14,Friday,N/A,Sunny,13863
2022-10-15,Saturday,N/A,Sunny,46008
2022-10-16,Sunday,N/A,Sunny,22225
2022-10-17,Monday,N/A,Cloudy,18709
2022-10-18,Tuesday,N/A,Sunny,10359
2022-10-19,Wednesday,N/A,Cloudy,16830
2022-10-20,Thursday,N/A,Sunny,19964
2022-10-21,Friday,N/A,Cloudy,9093
2022-10-22,Saturday,N/A,Cloudy,21169
2022-10-23,Sunday,N/A,Cloudy,33874
2022-10-24,Monday,Diwali,Rainy,153931
2022-10-25,Tuesday,N/A,Rainy,7757
2022-10-26,Wednesday,N/A,Sunny,17546
2022-10-27,Thursday,N/A,Sunny,6984
2022-10-28,Friday,N/A,Cloudy,16267
2022-10-29,Saturday,N/A,Sunny,28270
2022-10-30,Sunday,N/A,Cloudy,49296
2022-10-31,Monday,N/A,Sunny,7181
2022-11-01,Tuesday,N/A,Cloudy,15452
2022-11-02,Wednesday,N/A,Cloudy,19691
2022-11-03,Thursday,N/A,Sunny,13494
2022-11-04,Friday,N/A,Cloudy,18471
2022-11-05,Saturday,N/A,Cloudy,27586
2022-11-06,Sunday,N/A,Cloudy,35695
2022-11-07,Monday,N/A,Sunny,8543
2022-11-08,Tuesday,N/A,Cloudy,16461
2022-11-09,Wednesday,N/A,Cloudy,19636
2022-11-10,Thursday,N/A,Cloudy,5691
2022-11-11,Friday,N/A,Rainy,6419
2022-11-12,Saturday,N/A,Sunny,28099
2022-11-13,Sunday,N/A,Rainy,21144
2022-11-14,Monday,N/A,Sunny,14609
2022-11-15,Tuesday,N/A,Cloudy,8273
2022-11-16,Wednesday,N/A,Cloudy,17652
2022-11-17,Thursday,N/A,Stormy,9335
2022-11-18,Friday,N/A,Sunny,6419
2022-11-19,Saturday,N/A,Cloudy,27308
2022-11-20,Sunday,N/A,Rainy,26353
2022-11-21,Monday,N/A,Rainy,5290
2022-11-22,Tuesday,N/A,Sunny,10188
2022-11-23,Wednesday,N/A,Sunny,13976
2022-11-24,Thursday,N/A,Cloudy,5289
2022-11-25,Friday,N/A,Cloudy,16637
2022-11-26,Saturday,N/A,Sunny,48455
2022-11-27,Sunday,N/A,Cloudy,49817
2022-11-28,Monday,N/A,Cloudy,17270
2022-11-29,Tuesday,N/A,Sunny,11531
2022-11-30,Wednesday,N/A,Sunny,11038
2022-12-01,Thursday,N/A,Cloudy,15335
2022-12-02,Friday,N/A,Cloudy,5294
2022-12-03,Saturday,N/A,Sunny,37957
2022-12-04,Sunday,N/A,Sunny,27876
2022-12-05,Monday,N/A,Cloudy,18447
2022-12-06,Tuesday,N/A,Sunny,15286
2022-12-07,Wednesday,N/A,Rainy,5893
2022-12-08,Thursday,N/A,Sunny,13870
2022-12-09,Friday,N/A,Cloudy,9516
2022-12-10,Saturday,N/A,Sunny,43915
2022-12-11,Sunday,N/A,Cloudy,24597
2022-12-12,Monday,N/A,Cloudy,9962
2022-12-13,Tuesday,N/A,Sunny,15327
2022-12-14,Wednesday,N/A,Sunny,13276
2022-12-15,Thursday,N/A,Rainy,6528
2022-12-16,Friday,N/A,Cloudy,17620
2022-12-17,Saturday,N/A,Sunny,26305
2022-12-18,Sunday,N/A,Sunny,39535
2022-12-19,Monday,N/A,Cloudy,15550
2022-12-20,Tuesday,N/A,Stormy,4360
2022-12-21,Wednesday,N/A,Cloudy,15992
2022-12-22,Thursday,N/A,Sunny,17733
2022-12-23,Friday,N/A,Sunny,7666
2022-12-24,Saturday,N/A,Sunny,23420
2022-12-25,Sunday,Christmas,Sunny,157428
2022-12-26,Monday,N/A,Cloudy,15614
2022-12-27,Tuesday,N/A,Sunny,17735
2022-12-28,Wednesday,N/A,Sunny,10317
2022-12-29,Thursday,N/A,Sunny,15626
2022-12-30,Friday,N/A,Cloudy,9480
2022-12-31,Saturday,N/A,Sunny,36440
2023-01-01,Sunday,New Year,Cloudy,69862
2023-01-02,Monday,N/A,Cloudy,5706
2023-01-03,Tuesday,N/A,Sunny,13425
2023-01-04,Wednesday,N/A,Stormy,13366
2023-01-05,Thursday,N/A,Rainy,5047
2023-01-06,Friday,N/A,Sunny,13262
2023-01-07,Saturday,N/A,Sunny,28288
2023-01-08,Sunday,N/A,Sunny,26096
2023-01-09,Monday,N/A,Sunny,8396
2023-01-10,Tuesday,N/A,Sunny,15327
2023-01-11,Wednesday,N/A,Cloudy,9552
2023-01-12,Thursday,N/A,Cloudy,8816
2023-01-13,Friday,N/A,Sunny,18024
2023-01-14,Saturday,N/A,Cloudy,49402
2023-01-15,Sunday,N/A,Sunny,48128
2023-01-16,Monday,N/A,Sunny,16207
2023-01-17,Tuesday,N/A,Sunny,14917
2023-01-18,Wednesday,N/A,Cloudy,8544
2023-01-19,Thursday,N/A,Rainy,6792
2023-01-20,Friday,N/A,Sunny,14579
2023-01-21,Saturday,N/A,Rainy,17420
2023-01-22,Sunday,N/A,Sunny,24724
2023-01-23,Monday,N/A,Stormy,13159
2023-01-24,Tuesday,N/A,Sunny,5933
2023-01-25,Wednesday,N/A,Sunny,11832
2023-01-26,Thursday,N/A,Sunny,17744
2023-01-27,Friday,N/A,Cloudy,13339
2023-01-28,Saturday,N/A,Cloudy,26599
2023-01-29,Sunday,N/A,Cloudy,27785
2023-01-30,Monday,N/A,Cloudy,11745
2023-01-31,Tuesday,N/A,Sunny,8590
2023-02-01,Wednesday,N/A,Sunny,13377
2023-02-02,Thursday,N/A,Sunny,12851
2023-02-03,Friday,N/A,Cloudy,15258
2023-02-04,Saturday,N/A,Cloudy,38322
2023-02-05,Sunday,N/A,Sunny,37121
2023-02-06,Monday,N/A,Rainy,11867
2023-02-07,Tuesday,N/A,Cloudy,6620
2023-02-08,Wednesday,N/A,Cloudy,5571
2023-02-09,Thursday,N/A,Rainy,3794
2023-02-10,Friday,N/A,Sunny,19144
2023-02-11,Saturday,N/A,Cloudy,27092
2023-02-12,Sunday,N/A,Sunny,27721
2023-02-13,Monday,N/A,Sunny,12902
2023-02-14,Tuesday,N/A,Cloudy,10537
2023-02-15,Wednesday,N/A,Cloudy,15651
2023-02-16,Thursday,N/A,Cloudy,15966
2023-02-17,Friday,N/A,Rainy,11356
2023-02-18,Saturday,N/A,Sunny,32859
2023-02-19,Sunday,N/A,Rainy,27885
2023-02-20,Monday,N/A,Sunny,5843
2023-02-21,Tuesday,N/A,Sunny,9041
2023-02-22,Wednesday,N/A,Sunny,16695
2023-02-23,Thursday,N/A,Sunny,8650
2023-02-24,Friday,N/A,Sunny,9683
2023-02-25,Saturday,N/A,Sunny,33515
2023-02-26,Sunday,N/A,Cloudy,45966
2023-02-27,Monday,N/A,Sunny,14535
2023-02-28,Tuesday,N/A,Sunny,11237
2023-03-01,Wednesday,N/A,Sunny,17853
2023-03-02,Thursday,N/A,Sunny,13846
2023-03-03,Friday,N/A,Cloudy,14265
2023-03-04,Saturday,N/A,Cloudy,20099
2023-03-05,Sunday,N/A,Rainy,18588
2023-03-06,Monday,N/A,Cloudy,19937
2023-03-07,Tuesday,N/A,Sunny,18819
2023-03-08,Wednesday,Holi,Rainy,94910
2023-03-09,Thursday,N/A,Sunny,17483
2023-03-10,Friday,N/A,Sunny,7322
2023-03-11,Saturday,N/A,Rainy,17817
2023-03-12,Sunday,N/A,Sunny,35519
2023-03-13,Monday,N/A,Cloudy,18008
2023-03-14,Tuesday,N/A,Rainy,10125
2023-03-15,Wednesday,N/A,Cloudy,7433
2023-03-16,Thursday,N/A,Cloudy,17832
2023-03-17,Friday,N/A,Cloudy,7840
2023-03-18,Saturday,N/A,Cloudy,30557
2023-03-19,Sunday,N/A,Cloudy,44155
2023-03-20,Monday,N/A,Sunny,8387
2023-03-21,Tuesday,N/A,Cloudy,18112
2023-03-22,Wednesday,N/A,Sunny,16348
2023-03-23,Thursday,N/A,Rainy,9474
2023-03-24,Friday,N/A,Rainy,3633
2023-03-25,Saturday,N/A,Sunny,24827
2023-03-26,Sunday,N/A,Sunny,41702
2023-03-27,Monday,N/A,Sunny,7929
2023-03-28,Tuesday,N/A,Sunny,10764
2023-03-29,Wednesday,N/A,Cloudy,18296
2023-03-30,Thursday,N/A,Cloudy,14367
2023-03-31,Friday,N/A,Cloudy,17611
2023-04-01,Saturday,N/A,Sunny,24083
2023-04-02,Sunday,N/A,Sunny,25427
2023-04-03,Monday,N/A,Sunny,14709
2023-04-04,Tuesday,N/A,Rainy,9283
2023-04-05,Wednesday,N/A,Sunny,19930
2023-04-06,Thursday,N/A,Sunny,6883
2023-04-07,Friday,N/A,Sunny,14603
2023-04-08,Saturday,N/A,Cloudy,46278
2023-04-09,Sunday,N/A,Sunny,21639
2023-04-10,Monday,N/A,Sunny,8440
2023-04-11,Tuesday,N/A,Sunny,12189
2023-04-12,Wednesday,N/A,Cloudy,6831
2023-04-13,Thursday,N/A,Rainy,5754
2023-04-14,Friday,N/A,Sunny,5852
2023-04-15,Saturday,N/A,Rainy,15301
2023-04-16,Sunday,N/A,Sunny,44376
2023-04-17,Monday,N/A,Sunny,6637
2023-04-18,Tuesday,N/A,Cloudy,8015
2023-04-19,Wednesday,N/A,Sunny,9359
2023-04-20,Thursday,N/A,Sunny,18231
2023-04-21,Friday,N/A,Sunny,5080
2023-04-22,Saturday,N/A,Sunny,33974
2023-04-23,Sunday,N/A,Sunny,25441
2023-04-24,Monday,N/A,Sunny,5126
2023-04-25,Tuesday,N/A,Rainy,3367
2023-04-26,Wednesday,N/A,Stormy,9216
2023-04-27,Thursday,N/A,Cloudy,17903
2023-04-28,Friday,N/A,Rainy,10292
2023-04-29,Saturday,N/A,Cloudy,30814
2023-04-30,Sunday,N/A,Cloudy,24892
2023-05-01,Monday,N/A,Sunny,18546
2023-05-02,Tuesday,N/A,Cloudy,10408
2023-05-03,Wednesday,N/A,Cloudy,16038
2023-05-04,Thursday,N/A,Cloudy,16288
2023-05-05,Friday,N/A,Rainy,8984
2023-05-06,Saturday,N/A,Sunny,34394
2023-05-07,Sunday,N/A,Sunny,22248
2023-05-08,Monday,N/A,Rainy,6520
2023-05-09,Tuesday,N/A,Sunny,16201
2023-05-10,Wednesday,N/A,Sunny,19614
2023-05-11,Thursday,N/A,Sunny,16876
2023-05-12,Friday,N/A,Sunny,17001
2023-05-13,Saturday,N/A,Rainy,26924
2023-05-14,Sunday,N/A,Cloudy,21336
2023-05-15,Monday,N/A,Sunny,7888
2023-05-16,Tuesday,N/A,Sunny,12473
2023-05-17,Wednesday,N/A,Rainy,7533
2023-05-18,Thursday,N/A,Sunny,15267
2023-05-19,Friday,N/A,Cloudy,12713
2023-05-20,Saturday,N/A,Sunny,48850
2023-05-21,Sunday,N/A,Sunny,33481
2023-05-22,Monday,N/A,Rainy,12002
2023-05-23,Tuesday,N/A,Sunny,5946
2023-05-24,Wednesday,N/A,Rainy,10357
2023-05-25,Thursday,N/A,Rainy,11442
2023-05-26,Friday,N/A,Rainy,7283
2023-05-27,Saturday,N/A,Sunny,31793
2023-05-28,Sunday,N/A,Cloudy,45481
2023-05-29,Monday,N/A,Stormy,9127
2023-05-30,Tuesday,N/A,Sunny,10974
2023-05-31,Wednesday,N/A,Sunny,7257
2023-06-01,Thursday,N/A,Sunny,5853
2023-06-02,Friday,N/A,Sunny,16053
2023-06-03,Saturday,N/A,Sunny,21842
2023-06-04,Sunday,N/A,Stormy,16850
2023-06-05,Monday,N/A,Cloudy,8258
2023-06-06,Tuesday,N/A,Cloudy,6988
2023-06-07,Wednesday,N/A,Cloudy,11862
2023-06-08,Thursday,N/A,Cloudy,12495
2023-06-09,Friday,N/A,Sunny,6856
2023-06-10,Saturday,N/A,Cloudy,31817
2023-06-11,Sunday,N/A,Cloudy,45912
2023-06-12,Monday,N/A,Sunny,17271
2023-06-13,Tuesday,N/A,Sunny,5394
2023-06-14,Wednesday,N/A,Rainy,9335
2023-06-15,Thursday,N/A,Sunny,5582
2023-06-16,Friday,N/A,Sunny,8620
2023-06-17,Saturday,N/A,Sunny,21492
2023-06-18,Sunday,N/A,Stormy,23696
2023-06-19,Monday,N/A,Sunny,13024
2023-06-20,Tuesday,N/A,Sunny,13140
2023-06-21,Wednesday,N/A,Sunny,6003
2023-06-22,Thursday,N/A,Rainy,11560
2023-06-23,Friday,N/A,Rainy,13061
2023-06-24,Saturday,N/A,Cloudy,40296
2023-06-25,Sunday,N/A,Cloudy,32475
2023-06-26,Monday,N/A,Cloudy,6445
2023-06-27,Tuesday,N/A,Cloudy,14405
2023-06-28,Wednesday,N/A,Sunny,11078
2023-06-29,Thursday,N/A,Cloudy,17883
2023-06-30,Friday,N/A,Stormy,10235
2023-07-01,Saturday,N/A,Sunny,48954
2023-07-02,Sunday,N/A,Rainy,27091
2023-07-03,Monday,N/A,Rainy,5294
2023-07-04,Tuesday,N/A,Rainy,11151
2023-07-05,Wednesday,N/A,Sunny,11816
2023-07-06,Thursday,N/A,Sunny,12193
2023-07-07,Friday,N/A,Rainy,12282
2023-07-08,Saturday,N/A,Sunny,38856
2023-07-09,Sunday,N/A,Rainy,12470
2023-07-10,Monday,N/A,Rainy,10364
2023-07-11,Tuesday,N/A,Sunny,6121
2023-07-12,Wednesday,N/A,Cloudy,9973
2023-07-13,Thursday,N/A,Cloudy,6915
2023-07-14,Friday,N/A,Cloudy,13506
2023-07-15,Saturday,N/A,Cloudy,40780
2023-07-16,Sunday,N/A,Sunny,42225
2023-07-17,Monday,N/A,Cloudy,17347
2023-07-18,Tuesday,N/A,Cloudy,13540
2023-07-19,Wednesday,N/A,Sunny,5557
2023-07-20,Thursday,N/A,Sunny,5290
2023-07-21,Friday,N/A,Stormy,4494
2023-07-22,Saturday,N/A,Sunny,37933
2023-07-23,Sunday,N/A,Sunny,43376
2023-07-24,Monday,N/A,Rainy,8756
2023-07-25,Tuesday,N/A,Cloudy,16827
2023-07-26,Wednesday,N/A,Rainy,9903
2023-07-27,Thursday,N/A,Cloudy,10402
2023-07-28,Friday,N/A,Sunny,17655
2023-07-29,Saturday,N/A,Cloudy,24795
2023-07-30,Sunday,N/A,Sunny,28394
2023-07-31,Monday,N/A,Sunny,5030
2023-08-01,Tuesday,N/A,Sunny,15792
2023-08-02,Wednesday,N/A,Sunny,17776
2023-08-03,Thursday,N/A,Sunny,13134
2023-08-04,Friday,N/A,Cloudy,16794
2023-08-05,Saturday,N/A,Sunny,44114
2023-08-06,Sunday,N/A,Rainy,30822
2023-08-07,Monday,N/A,Rainy,4337
2023-08-08,Tuesday,N/A,Sunny,11285
2023-08-09,Wednesday,N/A,Cloudy,5073
2023-08-10,Thursday,N/A,Rainy,9991
2023-08-11,Friday,N/A,Sunny,15325
2023-08-12,Saturday,N/A,Rainy,16047
2023-08-13,Sunday,N/A,Sunny,39671
2023-08-14,Monday,N/A,Cloudy,19084
2023-08-15,Tuesday,N/A,Sunny,5793
2023-08-16,Wednesday,N/A,Rainy,6585
2023-08-17,Thursday,N/A,Sunny,7512
2023-08-18,Friday,N/A,Sunny,5965
2023-08-19,Saturday,N/A,Sunny,36363
2023-08-20,Sunday,N/A,Cloudy,49573
2023-08-21,Monday,N/A,Sunny,7659
2023-08-22,Tuesday,N/A,Rainy,11389
2023-08-23,Wednesday,N/A,Sunny,12527
2023-08-24,Thursday,N/A,Cloudy,9529
2023-08-25,Friday,N/A,Cloudy,11106
2023-08-26,Saturday,N/A,Cloudy,31897
2023-08-27,Sunday,N/A,Rainy,17455
2023-08-28,Monday,N/A,Sunny,5899
2023-08-29,Tuesday,N/A,Rainy,10530
2023-08-30,Wednesday,Janmashtami,Sunny,120211
2023-08-31,Thursday,N/A,Cloudy,8502
2023-09-01,Friday,N/A,Sunny,15025
2023-09-02,Saturday,N/A,Sunny,31718
2023-09-03,Sunday,N/A,Sunny,48936
2023-09-04,Monday,N/A,Stormy,4017
2023-09-05,Tuesday,N/A,Sunny,6546
2023-09-06,Wednesday,N/A,Rainy,7091
2023-09-07,Thursday,N/A,Sunny,13165
2023-09-08,Friday,N/A,Sunny,18857
2023-09-09,Saturday,N/A,Sunny,23667
2023-09-10,Sunday,N/A,Cloudy,47740
2023-09-11,Monday,N/A,Cloudy,10338
2023-09-12,Tuesday,N/A,Cloudy,7046
2023-09-13,Wednesday,N/A,Sunny,8053
2023-09-14,Thursday,N/A,Cloudy,12602
2023-09-15,Friday,N/A,Sunny,10472
2023-09-16,Saturday,N/A,Sunny,46060
2023-09-17,Sunday,N/A,Sunny,35207
2023-09-18,Monday,N/A,Rainy,6284
2023-09-19,Tuesday,Ganesh Chaturthi,Cloudy,243445
2023-09-20,Wednesday,N/A,Rainy,5337
2023-09-21,Thursday,N/A,Stormy,3895
2023-09-22,Friday,N/A,Cloudy,17947
2023-09-23,Saturday,N/A,Sunny,36439
2023-09-24,Sunday,N/A,Rainy,19635
2023-09-25,Monday,N/A,Sunny,16839
2023-09-26,Tuesday,N/A,Sunny,19236
2023-09-27,Wednesday,N/A,Cloudy,7077
2023-09-28,Thursday,N/A,Cloudy,7441
2023-09-29,Friday,N/A,Cloudy,18490
2023-09-30,Saturday,N/A,Rainy,20533
2023-10-01,Sunday,N/A,Sunny,43707
2023-10-02,Monday,N/A,Sunny,9181
2023-10-03,Tuesday,N/A,Sunny,15910
2023-10-04,Wednesday,N/A,Sunny,14390
2023-10-05,Thursday,N/A,Sunny,9642
2023-10-06,Friday,N/A,Sunny,18148
2023-10-07,Saturday,N/A,Sunny,20861
2023-10-08,Sunday,N/A,Sunny,39714
2023-10-09,Monday,N/A,Sunny,9220
2023-10-10,Tuesday,N/A,Sunny,16790
2023-10-11,Wednesday,N/A,Sunny,11080
2023-10-12,Thursday,N/A,Rainy,4488
2023-10-13,Friday,N/A,Sunny,7490
2023-10-14,Saturday,N/A,Cloudy,30126
2023-10-15,Sunday,N/A,Sunny,25314
2023-10-16,Monday,N/A,Rainy,6185
2023-10-17,Tuesday,N/A,Sunny,18085
2023-10-18,Wednesday,N/A,Cloudy,7697
2023-10-19,Thursday,N/A,Sunny,14298
2023-10-20,Friday,N/A,Sunny,5224
2023-10-21,Saturday,N/A,Sunny,46003
2023-10-22,Sunday,N/A,Sunny,30464
2023-10-23,Monday,N/A,Cloudy,19872
2023-10-24,Tuesday,N/A,Rainy,9152
2023-10-25,Wednesday,N/A,Cloudy,12477
2023-10-26,Thursday,N/A,Sunny,13747
2023-10-27,Friday,N/A,Sunny,14425
2023-10-28,Saturday,N/A,Sunny,48521
2023-10-29,Sunday,N/A,Stormy,19507
2023-10-30,Monday,N/A,Sunny,8007
2023-10-31,Tuesday,N/A,Cloudy,10606
2023-11-01,Wednesday,N/A,Sunny,13057
2023-11-02,Thursday,N/A,Cloudy,8758
2023-11-03,Friday,N/A,Rainy,11329
2023-11-04,Saturday,N/A,Cloudy,39287
2023-11-05,Sunday,N/A,Cloudy,49941
2023-11-06,Monday,N/A,Sunny,11973
2023-11-07,Tuesday,N/A,Sunny,18471
2023-11-08,Wednesday,N/A,Cloudy,17290
2023-11-09,Thursday,N/A,Sunny,19143
2023-11-10,Friday,N/A,Sunny,8779
2023-11-11,Saturday,N/A,Stormy,24713
2023-11-12,Sunday,Diwali,Rainy,161810
2023-11-13,Monday,N/A,Sunny,12295
2023-11-14,Tuesday,N/A,Sunny,6167
2023-11-15,Wednesday,N/A,Sunny,14454
2023-11-16,Thursday,N/A,Stormy,2875
2023-11-17,Friday,N/A,Rainy,8589
2023-11-18,Saturday,N/A,Sunny,38618
2023-11-19,Sunday,N/A,Cloudy,28640
2023-11-20,Monday,N/A,Sunny,11265
2023-11-21,Tuesday,N/A,Rainy,10095
2023-11-22,Wednesday,N/A,Sunny,15074
2023-11-23,Thursday,N/A,Sunny,15453
2023-11-24,Friday,N/A,Sunny,17784
2023-11-25,Saturday,N/A,Sunny,40604
2023-11-26,Sunday,N/A,Rainy,23933
2023-11-27,Monday,N/A,Sunny,13086
2023-11-28,Tuesday,N/A,Sunny,6191
2023-11-29,Wednesday,N/A,Sunny,6937
2023-11-30,Thursday,N/A,Sunny,5311
2023-12-01,Friday,N/A,Cloudy,8315
2023-12-02,Saturday,N/A,Sunny,32401
2023-12-03,Sunday,N/A,Rainy,17072
2023-12-04,Monday,N/A,Rainy,3730
2023-12-05,Tuesday,N/A,Sunny,9474
2023-12-06,Wednesday,N/A,Sunny,10590
2023-12-07,Thursday,N/A,Cloudy,7454
2023-12-08,Friday,N/A,Stormy,10648
2023-12-09,Saturday,N/A,Cloudy,39608
2023-12-10,Sunday,N/A,Rainy,26132
2023-12-11,Monday,N/A,Sunny,19906
2023-12-12,Tuesday,N/A,Sunny,10550
2023-12-13,Wednesday,N/A,Sunny,16551
2023-12-14,Thursday,N/A,Cloudy,15838
2023-12-15,Friday,N/A,Rainy,4058
2023-12-16,Saturday,N/A,Sunny,36773
2023-12-17,Sunday,N/A,Sunny,32078
2023-12-18,Monday,N/A,Sunny,15298
2023-12-19,Tuesday,N/A,Sunny,17627
2023-12-20,Wednesday,N/A,Sunny,19640
2023-12-21,Thursday,N/A,Sunny,13597
2023-12-22,Friday,N/A,Sunny,5301
2023-12-23,Saturday,N/A,Stormy,16731
2023-12-24,Sunday,N/A,Sunny,35280
2023-12-25,Monday,Christmas,Cloudy,77844
2023-12-26,Tuesday,N/A,Cloudy,12338
2023-12-27,Wednesday,N/A,Cloudy,15038
2023-12-28,Thursday,N/A,Cloudy,11726
2023-12-29,Friday,N/A,Rainy,6268
2023-12-30,Saturday,N/A,Cloudy,24143
2023-12-31,Sunday,N/A,Cloudy,23698
2024-01-01,Monday,New Year,Sunny,202243
2024-01-02,Tuesday,N/A,Sunny,8240
2024-01-03,Wednesday,N/A,Rainy,12561
2024-01-04,Thursday,N/A,Cloudy,16789
2024-01-05,Friday,N/A,Cloudy,19096
2024-01-06,Saturday,N/A,Sunny,31125
2024-01-07,Sunday,N/A,Sunny,29586
2024-01-08,Monday,N/A,Cloudy,11194
2024-01-09,Tuesday,N/A,Sunny,6265
2024-01-10,Wednesday,N/A,Sunny,9108
2024-01-11,Thursday,N/A,Stormy,7559
2024-01-12,Friday,N/A,Cloudy,7825
2024-01-13,Saturday,N/A,Sunny,42130
2024-01-14,Sunday,N/A,Sunny,22457
2024-01-15,Monday,N/A,Cloudy,12569
2024-01-16,Tuesday,N/A,Rainy,10761
2024-01-17,Wednesday,N/A,Cloudy,5626
2024-01-18,Thursday,N/A,Sunny,7443
2024-01-19,Friday,N/A,Stormy,6142
2024-01-20,Saturday,N/A,Rainy,31532
2024-01-21,Sunday,N/A,Sunny,39539
2024-01-22,Monday,N/A,Cloudy,14024
2024-01-23,Tuesday,N/A,Sunny,5573
2024-01-24,Wednesday,N/A,Sunny,9806
2024-01-25,Thursday,N/A,Cloudy,18475
2024-01-26,Friday,N/A,Cloudy,8800
2024-01-27,Saturday,N/A,Cloudy,49106
2024-01-28,Sunday,N/A,Sunny,27702
2024-01-29,Monday,N/A,Sunny,10171
2024-01-30,Tuesday,N/A,Sunny,16714
2024-01-31,Wednesday,N/A,Sunny,12145
2024-02-01,Thursday,N/A,Sunny,11467
2024-02-02,Friday,N/A,Sunny,19271
2024-02-03,Saturday,N/A,Cloudy,22508
2024-02-04,Sunday,N/A,Cloudy,36502
2024-02-05,Monday,N/A,Stormy,4461
2024-02-06,Tuesday,N/A,Cloudy,8409
2024-02-07,Wednesday,N/A,Cloudy,6559
2024-02-08,Thursday,N/A,Rainy,4766
2024-02-09,Friday,N/A,Cloudy,17519
2024-02-10,Saturday,N/A,Rainy,17182
2024-02-11,Sunday,N/A,Cloudy,35025
2024-02-12,Monday,N/A,Sunny,17170
2024-02-13,Tuesday,N/A,Sunny,6804
2024-02-14,Wednesday,N/A,Cloudy,9237
2024-02-15,Thursday,N/A,Cloudy,16811
2024-02-16,Friday,N/A,Cloudy,17294
2024-02-17,Saturday,N/A,Sunny,25413
2024-02-18,Sunday,N/A,Sunny,32000
2024-02-19,Monday,N/A,Rainy,4588
2024-02-20,Tuesday,N/A,Cloudy,11301
2024-02-21,Wednesday,N/A,Sunny,14591
2024-02-22,Thursday,N/A,Sunny,12641
2024-02-23,Friday,N/A,Stormy,10616
2024-02-24,Saturday,N/A,Cloudy,43064
2024-02-25,Sunday,N/A,Sunny,49969
2024-02-26,Monday,N/A,Cloudy,8517
2024-02-27,Tuesday,N/A,Sunny,6581
2024-02-28,Wednesday,N/A,Sunny,6830
2024-02-29,Thursday,N/A,Sunny,14156
2024-03-01,Friday,N/A,Rainy,11904
2024-03-02,Saturday,N/A,Rainy,10953
2024-03-03,Sunday,N/A,Cloudy,23614
2024-03-04,Monday,N/A,Sunny,6348
2024-03-05,Tuesday,N/A,Cloudy,9807
2024-03-06,Wednesday,N/A,Sunny,16472
2024-03-07,Thursday,N/A,Cloudy,9563
2024-03-08,Friday,N/A,Sunny,15287
2024-03-09,Saturday,N/A,Cloudy,22422
2024-03-10,Sunday,N/A,Sunny,28958
2024-03-11,Monday,N/A,Rainy,8321
2024-03-12,Tuesday,N/A,Sunny,6860
2024-03-13,Wednesday,N/A,Cloudy,17718
2024-03-14,Thursday,N/A,Cloudy,9868
2024-03-15,Friday,N/A,Sunny,6493
2024-03-16,Saturday,N/A,Cloudy,44616
2024-03-17,Sunday,N/A,Sunny,49538
2024-03-18,Monday,N/A,Sunny,10788
2024-03-19,Tuesday,N/A,Sunny,8928
2024-03-20,Wednesday,N/A,Cloudy,9373
2024-03-21,Thursday,N/A,Sunny,14631
2024-03-22,Friday,N/A,Rainy,4178
2024-03-23,Saturday,N/A,Sunny,39131
2024-03-24,Sunday,N/A,Sunny,46627
2024-03-25,Monday,Holi,Sunny,186986
2024-03-26,Tuesday,N/A,Sunny,12837
2024-03-27,Wednesday,N/A,Stormy,8838
2024-03-28,Thursday,N/A,Cloudy,15154
2024-03-29,Friday,N/A,Sunny,6702
2024-03-30,Saturday,N/A,Rainy,32645
2024-03-31,Sunday,N/A,Sunny,43655
2024-04-01,Monday,N/A,Sunny,6551
2024-04-02,Tuesday,N/A,Cloudy,12279
2024-04-03,Wednesday,N/A,Sunny,15242
2024-04-04,Thursday,N/A,Sunny,5974
2024-04-05,Friday,N/A,Rainy,8654
2024-04-06,Saturday,N/A,Sunny,40382
2024-04-07,Sunday,N/A,Rainy,25743
2024-04-08,Monday,N/A,Rainy,9491
2024-04-09,Tuesday,N/A,Sunny,12514
2024-04-10,Wednesday,N/A,Sunny,19146
2024-04-11,Thursday,N/A,Sunny,5005
2024-04-12,Friday,N/A,Stormy,9841
2024-04-13,Saturday,N/A,Rainy,18511
2024-04-14,Sunday,N/A,Sunny,31295
2024-04-15,Monday,N/A,Sunny,9943
2024-04-16,Tuesday,N/A,Stormy,2792
2024-04-17,Wednesday,N/A,Sunny,9772
2024-04-18,Thursday,N/A,Sunny,15218
2024-04-19,Friday,N/A,Sunny,10976
2024-04-20,Saturday,N/A,Rainy,23589
2024-04-21,Sunday,N/A,Sunny,38412
2024-04-22,Monday,N/A,Cloudy,7610
2024-04-23,Tuesday,N/A,Sunny,11826
2024-04-24,Wednesday,N/A,Sunny,17141
2024-04-25,Thursday,N/A,Sunny,8606
2024-04-26,Friday,N/A,Cloudy,18883
2024-04-27,Saturday,N/A,Sunny,49073
2024-04-28,Sunday,N/A,Stormy,30175
2024-04-29,Monday,N/A,Rainy,9976
2024-04-30,Tuesday,N/A,Rainy,2738
2024-05-01,Wednesday,N/A,Sunny,13637
2024-05-02,Thursday,N/A,Rainy,3580
2024-05-03,Friday,N/A,Sunny,10646
2024-05-04,Saturday,N/A,Sunny,20999
2024-05-05,Sunday,N/A,Sunny,35703
2024-05-06,Monday,N/A,Rainy,8256
2024-05-07,Tuesday,N/A,Rainy,8842
2024-05-08,Wednesday,N/A,Cloudy,6798
2024-05-09,Thursday,N/A,Sunny,13495
2024-05-10,Friday,N/A,Sunny,11117
2024-05-11,Saturday,N/A,Stormy,20206
2024-05-12,Sunday,N/A,Sunny,44386
2024-05-13,Monday,N/A,Cloudy,15660
2024-05-14,Tuesday,N/A,Sunny,9919
2024-05-15,Wednesday,N/A,Cloudy,16709
2024-05-16,Thursday,N/A,Rainy,9200
2024-05-17,Friday,N/A,Sunny,5285
2024-05-18,Saturday,N/A,Cloudy,31905
2024-05-19,Sunday,N/A,Rainy,21516
2024-05-20,Monday,N/A,Cloudy,6757
2024-05-21,Tuesday,N/A,Sunny,19437
2024-05-22,Wednesday,N/A,Rainy,5060
2024-05-23,Thursday,N/A,Sunny,10255
2024-05-24,Friday,N/A,Stormy,4697
2024-05-25,Saturday,N/A,Sunny,26621
2024-05-26,Sunday,N/A,Sunny,29175
2024-05-27,Monday,N/A,Stormy,8624
2024-05-28,Tuesday,N/A,Cloudy,7676
2024-05-29,Wednesday,N/A,Sunny,9635
2024-05-30,Thursday,N/A,Cloudy,10453
2024-05-31,Friday,N/A,Sunny,8650
2024-06-01,Saturday,N/A,Sunny,47728
2024-06-02,Sunday,N/A,Rainy,18337
2024-06-03,Monday,N/A,Cloudy,7902
2024-06-04,Tuesday,N/A,Sunny,16155
2024-06-05,Wednesday,N/A,Sunny,18394
2024-06-06,Thursday,N/A,Sunny,6121
2024-06-07,Friday,N/A,Stormy,10125
2024-06-08,Saturday,N/A,Sunny,36918
2024-06-09,Sunday,N/A,Sunny,20862
2024-06-10,Monday,N/A,Sunny,12282
2024-06-11,Tuesday,N/A,Cloudy,6712
2024-06-12,Wednesday,N/A,Sunny,14715
2024-06-13,Thursday,N/A,Sunny,7662
2024-06-14,Friday,N/A,Rainy,11120
2024-06-15,Saturday,N/A,Rainy,32279
2024-06-16,Sunday,N/A,Rainy,13381
2024-06-17,Monday,N/A,Cloudy,7245
2024-06-18,Tuesday,N/A,Cloudy,18839
2024-06-19,Wednesday,N/A,Rainy,3337
2024-06-20,Thursday,N/A,Sunny,7031
2024-06-21,Friday,N/A,Rainy,9649
2024-06-22,Saturday,N/A,Sunny,39472
2024-06-23,Sunday,N/A,Cloudy,38611
2024-06-24,Monday,N/A,Sunny,18722
2024-06-25,Tuesday,N/A,Sunny,14742
2024-06-26,Wednesday,N/A,Rainy,12943
2024-06-27,Thursday,N/A,Sunny,9294
2024-06-28,Friday,N/A,Sunny,15906
2024-06-29,Saturday,N/A,Sunny,36650
2024-06-30,Sunday,N/A,Cloudy,20150
2024-07-01,Monday,N/A,Rainy,3515
2024-07-02,Tuesday,N/A,Stormy,3510
2024-07-03,Wednesday,N/A,Sunny,17166
2024-07-04,Thursday,N/A,Sunny,10710
2024-07-05,Friday,N/A,Sunny,8130
2024-07-06,Saturday,N/A,Sunny,35779
2024-07-07,Sunday,N/A,Cloudy,37417
2024-07-08,Monday,N/A,Sunny,5538
2024-07-09,Tuesday,N/A,Sunny,11880
2024-07-10,Wednesday,N/A,Sunny,13949
2024-07-11,Thursday,N/A,Rainy,10072
2024-07-12,Friday,N/A,Cloudy,6860
2024-07-13,Saturday,N/A,Rainy,15800
2024-07-14,Sunday,N/A,Cloudy,26603
2024-07-15,Monday,N/A,Sunny,16619
2024-07-16,Tuesday,N/A,Rainy,9503
2024-07-17,Wednesday,N/A,Rainy,4356
2024-07-18,Thursday,N/A,Rainy,11420
2024-07-19,Friday,N/A,Sunny,9217
2024-07-20,Saturday,N/A,Sunny,37004
2024-07-21,Sunday,N/A,Rainy,16671
2024-07-22,Monday,N/A,Sunny,19873
2024-07-23,Tuesday,N/A,Sunny,6913
2024-07-24,Wednesday,N/A,Cloudy,13755
2024-07-25,Thursday,N/A,Cloudy,7237
2024-07-26,Friday,N/A,Sunny,6778
2024-07-27,Saturday,N/A,Sunny,43603
2024-07-28,Sunday,N/A,Stormy,26059
2024-07-29,Monday,N/A,Stormy,4373
2024-07-30,Tuesday,N/A,Cloudy,17016
2024-07-31,Wednesday,N/A,Sunny,6633
2024-08-01,Thursday,N/A,Sunny,11372
2024-08-02,Friday,N/A,Sunny,11563
2024-08-03,Saturday,N/A,Sunny,37757
2024-08-04,Sunday,N/A,Cloudy,23806
2024-08-05,Monday,N/A,Cloudy,16023
2024-08-06,Tuesday,N/A,Rainy,8562
2024-08-07,Wednesday,N/A,Cloudy,19919
2024-08-08,Thursday,N/A,Sunny,17566
2024-08-09,Friday,N/A,Rainy,5556
2024-08-10,Saturday,N/A,Cloudy,46738
2024-08-11,Sunday,N/A,Sunny,31826
2024-08-12,Monday,N/A,Stormy,8433
2024-08-13,Tuesday,N/A,Cloudy,11058
2024-08-14,Wednesday,N/A,Cloudy,12300
2024-08-15,Thursday,N/A,Cloudy,11646
2024-08-16,Friday,N/A,Rainy,12357
2024-08-17,Saturday,Janmashtami,Sunny,206261
2024-08-18,Sunday,N/A,Cloudy,47855
2024-08-19,Monday,N/A,Cloudy,7268
2024-08-20,Tuesday,N/A,Sunny,12176
2024-08-21,Wednesday,N/A,Sunny,19434
2024-08-22,Thursday,N/A,Sunny,8842
2024-08-23,Friday,N/A,Sunny,19642
2024-08-24,Saturday,N/A,Cloudy,43661
2024-08-25,Sunday,N/A,Sunny,20501
2024-08-26,Monday,N/A,Cloudy,7550
2024-08-27,Tuesday,N/A,Sunny,16752
2024-08-28,Wednesday,N/A,Cloudy,12370
2024-08-29,Thursday,N/A,Sunny,12939
2024-08-30,Friday,N/A,Cloudy,9536
2024-08-31,Saturday,N/A,Sunny,21877
2024-09-01,Sunday,N/A,Cloudy,44516
2024-09-02,Monday,N/A,Rainy,7641
2024-09-03,Tuesday,N/A,Cloudy,15230
2024-09-04,Wednesday,N/A,Cloudy,9252
2024-09-05,Thursday,N/A,Cloudy,5209
2024-09-06,Friday,N/A,Cloudy,10583
2024-09-07,Saturday,Ganesh Chaturthi,Rainy,42913
2024-09-08,Sunday,N/A,Cloudy,29622
2024-09-09,Monday,N/A,Rainy,9985
2024-09-10,Tuesday,N/A,Cloudy,6325
2024-09-11,Wednesday,N/A,Sunny,19939
2024-09-12,Thursday,N/A,Sunny,11123
2024-09-13,Friday,N/A,Rainy,8157
2024-09-14,Saturday,N/A,Cloudy,29950
2024-09-15,Sunday,N/A,Cloudy,38891
2024-09-16,Monday,N/A,Cloudy,11636
2024-09-17,Tuesday,N/A,Cloudy,18589
2024-09-18,Wednesday,N/A,Rainy,6031
2024-09-19,Thursday,N/A,Sunny,5489
2024-09-20,Friday,N/A,Cloudy,19773
2024-09-21,Saturday,N/A,Sunny,47819
2024-09-22,Sunday,N/A,Sunny,27596
2024-09-23,Monday,N/A,Sunny,17701
2024-09-24,Tuesday,N/A,Sunny,12604
2024-09-25,Wednesday,N/A,Cloudy,11565
2024-09-26,Thursday,N/A,Sunny,5308
2024-09-27,Friday,N/A,Sunny,17082
2024-09-28,Saturday,N/A,Cloudy,34808
2024-09-29,Sunday,N/A,Sunny,30971
2024-09-30,Monday,N/A,Rainy,5310
2024-10-01,Tuesday,N/A,Rainy,7421
2024-10-02,Wednesday,N/A,Cloudy,18129
2024-10-03,Thursday,N/A,Stormy,10957
2024-10-04,Friday,N/A,Cloudy,19156
2024-10-05,Saturday,N/A,Cloudy,26806
2024-10-06,Sunday,N/A,Sunny,46188
2024-10-07,Monday,N/A,Sunny,7260
2024-10-08,Tuesday,N/A,Sunny,15377
2024-10-09,Wednesday,N/A,Stormy,5011
2024-10-10,Thursday,N/A,Cloudy,18747
2024-10-11,Friday,N/A,Rainy,7779
2024-10-12,Saturday,N/A,Cloudy,28886
2024-10-13,Sunday,N/A,Sunny,20159
2024-10-14,Monday,N/A,Sunny,16740
2024-10-15,Tuesday,N/A,Sunny,16803
2024-10-16,Wednesday,N/A,Sunny,17573
2024-10-17,Thursday,N/A,Sunny,13865
2024-10-18,Friday,N/A,Rainy,4719
2024-10-19,Saturday,N/A,Stormy,27550
2024-10-20,Sunday,N/A,Sunny,46378
2024-10-21,Monday,N/A,Sunny,9080
2024-10-22,Tuesday,N/A,Sunny,12390
2024-10-23,Wednesday,N/A,Sunny,7163
2024-10-24,Thursday,N/A,Sunny,14838
2024-10-25,Friday,N/A,Sunny,10530
2024-10-26,Saturday,N/A,Cloudy,38801
2024-10-27,Sunday,N/A,Sunny,49392
2024-10-28,Monday,N/A,Cloudy,14756
2024-10-29,Tuesday,N/A,Cloudy,8911
2024-10-30,Wednesday,N/A,Sunny,16321
2024-10-31,Thursday,N/A,Sunny,18617
2024-11-01,Friday,Diwali,Cloudy,188902
2024-11-02,Saturday,N/A,Sunny,39824
2024-11-03,Sunday,N/A,Sunny,46321
2024-11-04,Monday,N/A,Sunny,10951
2024-11-05,Tuesday,N/A,Sunny,8138
2024-11-06,Wednesday,N/A,Cloudy,10467
2024-11-07,Thursday,N/A,Sunny,7859
2024-11-08,Friday,N/A,Cloudy,7279
2024-11-09,Saturday,N/A,Sunny,30936
2024-11-10,Sunday,N/A,Rainy,13576
2024-11-11,Monday,N/A,Sunny,9614
2024-11-12,Tuesday,N/A,Sunny,10659
2024-11-13,Wednesday,N/A,Sunny,5301
2024-11-14,Thursday,N/A,Sunny,7474
2024-11-15,Friday,N/A,Sunny,12556
2024-11-16,Saturday,N/A,Cloudy,43110
2024-11-17,Sunday,N/A,Cloudy,28706
2024-11-18,Monday,N/A,Cloudy,14416
2024-11-19,Tuesday,N/A,Sunny,12810
2024-11-20,Wednesday,N/A,Cloudy,5917
2024-11-21,Thursday,N/A,Sunny,13616
2024-11-22,Friday,N/A,Sunny,6256
2024-11-23,Saturday,N/A,Cloudy,21992
2024-11-24,Sunday,N/A,Sunny,47497
2024-11-25,Monday,N/A,Cloudy,8609
2024-11-26,Tuesday,N/A,Cloudy,16372
2024-11-27,Wednesday,N/A,Cloudy,14925
2024-11-28,Thursday,N/A,Sunny,6360
2024-11-29,Friday,N/A,Cloudy,15293
2024-11-30,Saturday,N/A,Sunny,23588
2024-12-01,Sunday,N/A,Sunny,22544
2024-12-02,Monday,N/A,Cloudy,10838
2024-12-03,Tuesday,N/A,Rainy,12449
2024-12-04,Wednesday,N/A,Rainy,9721
2024-12-05,Thursday,N/A,Sunny,5930
2024-12-06,Friday,N/A,Cloudy,17639
2024-12-07,Saturday,N/A,Cloudy,24219
2024-12-08,Sunday,N/A,Sunny,49204
2024-12-09,Monday,N/A,Sunny,13469
2024-12-10,Tuesday,N/A,Cloudy,11412
2024-12-11,Wednesday,N/A,Sunny,14263
2024-12-12,Thursday,N/A,Rainy,3153
2024-12-13,Friday,N/A,Sunny,8987
2024-12-14,Saturday,N/A,Stormy,24835
2024-12-15,Sunday,N/A,Cloudy,45703
2024-12-16,Monday,N/A,Sunny,11869
2024-12-17,Tuesday,N/A,Sunny,12455
2024-12-18,Wednesday,N/A,Rainy,9504
2024-12-19,Thursday,N/A,Stormy,9576
2024-12-20,Friday,N/A,Cloudy,10461
2024-12-21,Saturday,N/A,Sunny,33244
2024-12-22,Sunday,N/A,Sunny,40618
2024-12-23,Monday,N/A,Sunny,18584
2024-12-24,Tuesday,N/A,Rainy,8406
2024-12-25,Wednesday,Christmas,Sunny,228705
2024-12-26,Thursday,N/A,Cloudy,8913
2024-12-27,Friday,N/A,Sunny,5981
2024-12-28,Saturday,N/A,Rainy,21275
2024-12-29,Sunday,N/A,Sunny,39022
2024-12-30,Monday,N/A,Cloudy,19666
2024-12-31,Tuesday,N/A,Sunny,12849
